{"count":11,"results":[{"id":1,"name":"Sanity Check","description":"You've got the FPGA. Go ahead & program it to get the flag. Thank us later!","connection_info":null,"max_attempts":0,"value":10,"category":"Warm Up","type":"standard","state":"visible","requirements":null},{"id":2,"name":"It's 2022","description":"![](/files/915a4e439d14fc88faf23ff1d28ee155/its_2022.png)","connection_info":null,"max_attempts":0,"value":20,"category":"Warm Up","type":"standard","state":"visible","requirements":null},{"id":3,"name":"U Ain't Reading That","description":"The board is talking to you, infact it's spitting out the flag. If you don't have it already it's probably cause U Ain't Reading That. Once you get the flag, you will realize that *capital letters are significant*.","connection_info":null,"max_attempts":0,"value":60,"category":"Warm Up","type":"standard","state":"visible","requirements":null},{"id":4,"name":"Flag City","description":"Welcome to the Flag city. Can you evade the attackers and find your way to the flag.","connection_info":null,"max_attempts":0,"value":50,"category":"Warm Up","type":"standard","state":"visible","requirements":null},{"id":5,"name":"Is it Random","description":"We have found a bit file which seems to be generating gibbrish. It's output is just random combination of 1s and 0s. But we are sure that there is an underlying pattern, cause the numbers repeat!\r\n\r\nCan you find the logic?","connection_info":null,"max_attempts":0,"value":140,"category":"Communication","type":"standard","state":"visible","requirements":null},{"id":6,"name":"Eavesdropping is bad","description":"Eavesdropping is the act of secretly listening to a private conversation, without their consent in order to gather information. We are trying to do something similar with a Master-Slave system running on an FPGA. A little snapshot of their conversation is procured and as the slave had the flag, it's most probably hidden in there. Can you find it?","connection_info":null,"max_attempts":0,"value":180,"category":"Debugging","type":"standard","state":"visible","requirements":null},{"id":7,"name":"Rev the ASIC","description":"The job of an ASIC designer is to write an RTL code. This is an abstracted language, which means that it does not define the logic in terms of real-world hardware components and connections between them. This is done in the next step, called Synthesis. </br>\r\n\r\nThis step converts the code into a set of logic gates, connecting several pins and wires, generating the required behaviour. This combination of gates and the connecting wires between them is the netlist, which we are providing here. Our original code was implementing a lock, i.e. it had \"key\" as its input, the \"unlock\" signal as its output. A unique key value was specified, which unlocked the lock.</br>\r\n\r\nBut we have forgotten the key, because we had to make this problem. Can you reverse this IC to you find it?","connection_info":null,"max_attempts":0,"value":160,"category":"Debugging","type":"standard","state":"visible","requirements":null},{"id":8,"name":"Piano Master","description":"Who hasn't played Piano Master! The game where you see the falling tiles on different piano keys and you have to play them back. The task here is similar. The board will give you an alphabet a time, and you have to respond with the same. If you play a wrong chord, you will lose and have to start from the beginning. Once you complete the song, you'll get the flag but mind it that the song is *long*.","connection_info":null,"max_attempts":0,"value":100,"category":"Communication","type":"standard","state":"visible","requirements":{"prerequisites":[]}},{"id":9,"name":"The Third Eye","description":"A specific combination of all 16 switches on the board will show the flag.</br>\r\n</br>\r\n![](/files/a3b77ba36834f0e61bf1b3d53cb69ae2/the_third_eye.png)","connection_info":null,"max_attempts":0,"value":80,"category":"Debugging","type":"standard","state":"visible","requirements":null},{"id":10,"name":"Temple Run","description":"Remember the rules in Temple Run? You can switch between the Left, Centre and Right sides of the path. Avoid the obstacles andcapture the stars to get points. Enough points will earn you the flag.</br>\r\nJust a small twist here, the FPGA board is fast, and you need to match its speed. But don't worry, a secret tool is provided to help you with it!![](/files/7f69591cf538c22962c42ebcfd0cc5bb/temple_run.jpg)","connection_info":null,"max_attempts":0,"value":200,"category":"Debugging","type":"standard","state":"visible","requirements":null},{"id":11,"name":"Master the I2C","description":"Some of you wanted to work on a full-fledged design projects for FPGAs! Here is a problem which may interest you. </br>","connection_info":null,"max_attempts":0,"value":200,"category":"Design","type":"standard","state":"visible","requirements":null}],"meta":{}}