{"count":32,"results":[{"id":1,"type":"standard","location":"0de8c0e08cca287dd780e49ce2f7be0b/FPGAworks-logos_black.png","challenge_id":null,"page_id":null},{"id":2,"type":"challenge","location":"a63ec41787112c8a2345582772f7df8c/sanity_check.bit","challenge_id":1,"page_id":null},{"id":3,"type":"challenge","location":"88ded300b1c4af68d8f9b8c248c7e570/switch_it_on.bit","challenge_id":2,"page_id":null},{"id":4,"type":"challenge","location":"805660d40a8ba8fd04de1fdc25c487e9/switch_it_on.xdc","challenge_id":2,"page_id":null},{"id":5,"type":"challenge","location":"11d45ab23eead1a40dc0c83447979a82/u_aint_reading_that.bit","challenge_id":3,"page_id":null},{"id":6,"type":"challenge","location":"6c95898fdc0ccea52a45bbeace5171fc/flag_city.bit","challenge_id":4,"page_id":null},{"id":7,"type":"challenge","location":"8128abbbd8e91aafcf4449cd9ef8d5b4/flag_city.v","challenge_id":4,"page_id":null},{"id":8,"type":"challenge","location":"a973aa79319c6603d1b1b658e2836525/flag_city.xdc","challenge_id":4,"page_id":null},{"id":9,"type":"challenge","location":"5166a7e230dd88f35143ee737eeaae07/flag_city_old.v","challenge_id":4,"page_id":null},{"id":10,"type":"challenge","location":"807cc7a38c0c024019d0dd4fa69c933f/is_it_random.bit","challenge_id":5,"page_id":null},{"id":11,"type":"challenge","location":"d55640eb930b8ded055d359011dc80f8/eavesdropping_is_bad.vcd","challenge_id":6,"page_id":null},{"id":13,"type":"challenge","location":"02dec523a6c49cc1f2b62aa1f53273e0/piano_beats.bit","challenge_id":8,"page_id":null},{"id":14,"type":"challenge","location":"374518710ebd94bed5539b1c92157b6d/the_third_eye.bit","challenge_id":9,"page_id":null},{"id":15,"type":"challenge","location":"b6b8fe65d8e8fa89df8274407f30fddc/the_third_eye.ltx","challenge_id":9,"page_id":null},{"id":16,"type":"standard","location":"447229cddc5d6bd3f642f0086af43afe/FPGAworks-logos_black.png","challenge_id":null,"page_id":null},{"id":17,"type":"standard","location":"3feca1946b367c43e5fdd098127093a1/FPGAworks-logos_black.png","challenge_id":null,"page_id":null},{"id":19,"type":"challenge","location":"6eb54cb4751970ff138900157cf11b9b/temple_run.bit","challenge_id":10,"page_id":null},{"id":20,"type":"challenge","location":"4699531d76c1b01e6e11ef2a77b4dfc4/temple_run.ltx","challenge_id":10,"page_id":null},{"id":21,"type":"challenge","location":"29f469e2de0a6402c9c2afb0c56b9d57/temple_run.xdc","challenge_id":10,"page_id":null},{"id":22,"type":"standard","location":"e75105e47efb5edeb9c1003919d41ebb/FPGAworks-favicon.png","challenge_id":null,"page_id":null},{"id":23,"type":"standard","location":"8d033b8f5877a8d6dd5218ec94c8102e/FPGAworks-logos_white.png","challenge_id":null,"page_id":null},{"id":24,"type":"page","location":"6cc6f3f347dd23e91032586c1e020980/FPGAworks-logos_white_rect.png","challenge_id":null,"page_id":null},{"id":25,"type":"page","location":"915a4e439d14fc88faf23ff1d28ee155/its_2022.png","challenge_id":null,"page_id":null},{"id":26,"type":"challenge","location":"7e1e5a01a7ce3b84321454c9f430a4c9/flag_rules.txt","challenge_id":4,"page_id":null},{"id":27,"type":"page","location":"a3b77ba36834f0e61bf1b3d53cb69ae2/the_third_eye.png","challenge_id":null,"page_id":null},{"id":28,"type":"challenge","location":"c112637892cc6dbbe838de45a8823ad0/rev_the_asic.json","challenge_id":7,"page_id":null},{"id":29,"type":"challenge","location":"01a0dd8a9dd2445f92a339061fa81876/rev_the_asic_synth.v","challenge_id":7,"page_id":null},{"id":30,"type":"page","location":"7f69591cf538c22962c42ebcfd0cc5bb/temple_run.jpg","challenge_id":null,"page_id":null},{"id":31,"type":"challenge","location":"38ea6e17973c2fa3fcb2c877a295cb20/README.txt","challenge_id":11,"page_id":null},{"id":32,"type":"challenge","location":"4b496cbdb8e4fb07611adc5e9aa3ecc0/sim_main.cpp","challenge_id":11,"page_id":null},{"id":33,"type":"challenge","location":"eb3807caf6b124b54815c53e6e3da233/top.v","challenge_id":11,"page_id":null},{"id":34,"type":"challenge","location":"1f3591e091432c2eb22168e2e5659c1f/Vtop","challenge_id":11,"page_id":null}],"meta":{}}