{"count":11,"results":[{"id":1,"challenge_id":1,"type":"static","content":"FPGAworks{1010111000100000}","data":""},{"id":2,"challenge_id":2,"type":"static","content":"FPGAworks{36819172}","data":""},{"id":3,"challenge_id":3,"type":"static","content":"FPGAworks{7he_us6_uart_f10g}","data":""},{"id":4,"challenge_id":4,"type":"static","content":"FPGAworks{0000001101010010}","data":""},{"id":5,"challenge_id":5,"type":"static","content":"FPGAworks{LFSR[11,8,5,2]}","data":""},{"id":6,"challenge_id":6,"type":"static","content":"FPGAworks{t4e_am6a_apb_f1ag}","data":""},{"id":7,"challenge_id":7,"type":"static","content":"FPGAworks{S4t_s01veR_i5_Gr9a7}","data":""},{"id":8,"challenge_id":8,"type":"static","content":"FPGAworks{Py5er1al_is_aw9s0Me}","data":""},{"id":9,"challenge_id":9,"type":"static","content":"FPGAworks{1011010101101011}","data":""},{"id":10,"challenge_id":10,"type":"static","content":"FPGAworks{1001011100011001}","data":""},{"id":11,"challenge_id":11,"type":"static","content":"FPGAworks{0110000101001101}","data":""}],"meta":{}}