{"count":12,"results":[{"id":1,"type":"standard","challenge_id":1,"content":"## FPGAworks\n**Welcome to FPGAworks!** \nThroughout this event, you will be working with the [Basys3 FPGA board](https://digilent.com/reference/programmable-logic/basys-3/start).  [This](https://www.youtube.com/watch?v=fWgi3a6A9Vo) video gives an introduction to the board. And [this](https://www.youtube.com/watch?v=4Nv1z0w7IXM) video shows how to program the board.   \n## Tool Setup:\nXilinx Vivado tools are best to be used with Digilent Basys3 board. **Vivado Lab Edition** is a low weight tool which you can install on your system to aid you in programming and debugging Basys3. However, it does not support writing Verilog code & has lower functionality than the Vivado Design Suite but will suffice for this event. \n</br>\nIf you plan to install this tool, the [Self Extracting Web Installer version 2020.3](https://www.xilinx.com/support/download/index.html/content/xilinx/en/downloadNav/vivado-design-tools/2020-3.html) will be a good and stable choice.  Also, note that for Linux systems, you would have to install the cable drivers manually. [This](https://www.youtube.com/watch?v=CQ-w-9qQD0s) video shows the installation procedure. \n</br>\n## Flag Description: \nThroughout the CTF, flags will follow a unique format as `FPGAworks{flag_string_here}`.  For ex, if the flag is given by input/output signal values as `11101111` the flag will be `FPGAworks{11101111}`.\n</br>\n##### Note\nThe tool usage mentioned above is just a suggestion. You are free to use any other tool if you like.","cost":0,"requirements":null},{"id":3,"type":"standard","challenge_id":5,"content":"You can read the output at the serial terminal, with baud rate 460830. \n\nFPGAs commonly use random number generators which produce a large sequence of bits which seem to be random but are actually deterministic, given that initial state is known. Let the underlying RNG here be XYZ with the terms in characteristic polynomial (also known as taps) being a, b and c. Then the flag has the form FPGAworks{XYZ[a,b,c]}.","cost":0,"requirements":null},{"id":5,"type":"standard","challenge_id":7,"content":"The key should have different values for each bit of the unlock signal. The FLAG simply consists of ASCII characters represented by the **8-bit keys** corresponding to each bit of the unlock signal.","cost":0,"requirements":null},{"id":6,"type":"standard","challenge_id":8,"content":"Connect on the serial port with baud rate 115200.","cost":0,"requirements":null},{"id":7,"type":"standard","challenge_id":9,"content":"### Read this hint after flashing the board with provided bit file. \n\nWhat you have on your screen is not a simulation, but real time signal values captured from the board. Once you find the valid input, press the centre push button to get the flag. ","cost":0,"requirements":null},{"id":14,"type":"standard","challenge_id":3,"content":"## This file is the .xdc for the Basys3 rev B board\n\nset_property PACKAGE_PIN W5 [get_ports i_Clock] </br>\nset_property IOSTANDARD LVCMOS33 [get_ports i_Clock] </br>\ncreate_clock -period 10.000 -name i_Clock -waveform {0.000 5.000} -add [get_ports i_Clock] </br>\n\nset_property PACKAGE_PIN B18 [get_ports i_RX_Serial] </br>\nset_property IOSTANDARD LVCMOS33 [get_ports i_RX_Serial] </br>\nset_property PACKAGE_PIN A18 [get_ports o_TX_Serial] </br>\nset_property IOSTANDARD LVCMOS33 [get_ports o_TX_Serial] </br>\n\nset_property CFGBVS GND [current_design] </br>\nset_property CONFIG_VOLTAGE 1.8 [current_design] </br>\n\n## You have unlocked the [Trump Card](https://github.com/shrutiprakashgupta/Basys3-gpio)","cost":30,"requirements":null},{"id":15,"type":"standard","challenge_id":5,"content":"The most common form of Pseudo random number generators implemented on hardware are LFSRs. With some special combination of taps, an N-bit LFSR is capable of generating a sequence of 2^N-1 samples. The standard initial state in such cases is N-bit 1s.","cost":40,"requirements":null},{"id":16,"type":"standard","challenge_id":9,"content":"An Integrated Logic Analyzer core is already included in the RTL code. This allows you to read internal signals. Have a look on [this](https://www.youtube.com/watch?v=kTjeTOf6ACI) video at 20:00 for more information.","cost":30,"requirements":null},{"id":17,"type":"standard","challenge_id":7,"content":"A SAT solver is an algorithm for establishing satisfiability. In simple words, you can say that inputs 1 to 10 pass through some logic gate to generate output signal. And if the gates are known, the SAT solver can find a combination of 10 input bits which would generate a 1 at the output signal. </br>\nU can surly find some Python library to do this easily.","cost":40,"requirements":null},{"id":18,"type":"standard","challenge_id":6,"content":"VCD or Verilog Core Dump file contains the signal values from a simulation waveform. You can analyze this file with the help of GTKwave, which is an open source waveform viewer tool.</br>\nThe flag was originally stored in the memory block. So try to track the transactions where memory block is sending its data (i.e. driver is reading data) out. Then search for the characters known from the flag format, i.e. FPGAworks{} in consecutive memory locations.","cost":40,"requirements":null},{"id":19,"type":"standard","challenge_id":10,"content":"TCL script is a great way to automate things in EDA (Electronic Design Automation) tools. The VIO core provided inside the RTL will help in setting up your direct control over the internal signals. And combining both of them, you can automate the process of updating internal signals, to match the board speed. </br>\n\nOnce you have this setup ready, write a simple logic to choose the best path in every case, increase your points and reach the flag.","cost":40,"requirements":null},{"id":20,"type":"standard","challenge_id":11,"content":"You can install Verilator with the command `apt-get install verilator` or clone the repo [here](https://github.com/verilator/example-systemverilog). This will provide a Makefile for you to understand the Verilator Run Command. You can then replace the flag with some random combination to get the code working for it, and then run with the given executable.","cost":10,"requirements":null}],"meta":{}}