{"count":1,"results":[{"id":1,"title":"None","route":"index","content":"<div class=\"row\">\r\n    <div class=\"col-md-6 offset-md-3\">\r\n        <img class=\"w-100 mx-auto d-block\" style=\"max-width: 500px;padding: 50px;\" src=\"/files/6cc6f3f347dd23e91032586c1e020980/FPGAworks-logos_white_rect.png\" />\r\n        <h3 class=\"text-center\">\r\n            <p>A CTF event designed around FPGAs</p>\r\n        </h3>\r\n        <h4 class=\"text-center\">\r\n      \t\t<p>Join our Discord Server here:</p>\r\n            <a href=\"https://discord.gg/VRmBB6fMYG\"><i class=\"fab fa-discord fa-2x\" aria-hidden=\"true\"></i></a>&nbsp;\r\n        </h4>\r\n        <br>\r\n        <h4 class=\"text-center\">\r\n            <a href=\"register\">Click here</a> to register for the CTF\r\n        </h4>\r\n    </div>\r\n</div>","draft":false,"hidden":false,"auth_required":false,"format":"markdown"}],"meta":{}}