{"count":45,"results":[{"id":1,"challenge_id":1,"user_id":8,"team_id":4},{"id":15,"challenge_id":1,"user_id":2,"team_id":1},{"id":16,"challenge_id":1,"user_id":21,"team_id":9},{"id":20,"challenge_id":1,"user_id":18,"team_id":2},{"id":26,"challenge_id":1,"user_id":3,"team_id":6},{"id":35,"challenge_id":1,"user_id":19,"team_id":8},{"id":44,"challenge_id":1,"user_id":23,"team_id":5},{"id":46,"challenge_id":9,"user_id":3,"team_id":6},{"id":51,"challenge_id":1,"user_id":9,"team_id":3},{"id":53,"challenge_id":2,"user_id":2,"team_id":1},{"id":60,"challenge_id":2,"user_id":21,"team_id":9},{"id":72,"challenge_id":9,"user_id":5,"team_id":1},{"id":80,"challenge_id":9,"user_id":18,"team_id":2},{"id":83,"challenge_id":9,"user_id":15,"team_id":8},{"id":88,"challenge_id":4,"user_id":21,"team_id":9},{"id":92,"challenge_id":1,"user_id":13,"team_id":7},{"id":93,"challenge_id":9,"user_id":21,"team_id":9},{"id":94,"challenge_id":9,"user_id":25,"team_id":7},{"id":106,"challenge_id":3,"user_id":25,"team_id":7},{"id":109,"challenge_id":2,"user_id":13,"team_id":7},{"id":140,"challenge_id":8,"user_id":25,"team_id":7},{"id":148,"challenge_id":1,"user_id":27,"team_id":11},{"id":156,"challenge_id":2,"user_id":19,"team_id":8},{"id":204,"challenge_id":3,"user_id":19,"team_id":8},{"id":215,"challenge_id":3,"user_id":5,"team_id":1},{"id":224,"challenge_id":9,"user_id":27,"team_id":11},{"id":229,"challenge_id":8,"user_id":2,"team_id":1},{"id":252,"challenge_id":2,"user_id":10,"team_id":4},{"id":275,"challenge_id":3,"user_id":10,"team_id":4},{"id":286,"challenge_id":2,"user_id":4,"team_id":2},{"id":301,"challenge_id":8,"user_id":10,"team_id":4},{"id":321,"challenge_id":3,"user_id":27,"team_id":11},{"id":344,"challenge_id":9,"user_id":24,"team_id":4},{"id":415,"challenge_id":2,"user_id":16,"team_id":5},{"id":502,"challenge_id":8,"user_id":15,"team_id":8},{"id":510,"challenge_id":3,"user_id":16,"team_id":5},{"id":521,"challenge_id":7,"user_id":8,"team_id":4},{"id":523,"challenge_id":4,"user_id":18,"team_id":2},{"id":528,"challenge_id":4,"user_id":15,"team_id":8},{"id":543,"challenge_id":2,"user_id":7,"team_id":3},{"id":569,"challenge_id":9,"user_id":23,"team_id":5},{"id":573,"challenge_id":3,"user_id":18,"team_id":2},{"id":587,"challenge_id":4,"user_id":6,"team_id":1},{"id":601,"challenge_id":4,"user_id":10,"team_id":4},{"id":610,"challenge_id":4,"user_id":23,"team_id":5}],"meta":{}}