{"count":11,"results":[{"id":1,"oauth_id":null,"name":"iloveyou","email":null,"password":"$bcrypt-sha256$2b,12$tFGf.aMHzK4Ytzh3zPgPAO$X9x3kmfFh5EIP8ZsPIYTyH0QW/zJD7e","secret":null,"website":null,"affiliation":null,"country":null,"bracket":null,"hidden":false,"banned":false,"captain_id":2,"created":"2022-03-25T16:07:39.711168"},{"id":2,"oauth_id":null,"name":"veert","email":null,"password":"$bcrypt-sha256$2b,12$DkrxyEgrMRRTyoIs8f.B.u$aiDJIPt8tMRPAE1g26TJJyxgVdXLBoe","secret":null,"website":"","affiliation":"","country":"IN","bracket":null,"hidden":false,"banned":false,"captain_id":4,"created":"2022-03-25T16:08:30.697165"},{"id":3,"oauth_id":null,"name":"0ne","email":null,"password":"$bcrypt-sha256$2b,12$hqHScnFUhpXegPKBdpkgSu$GqLVerI6IigVLLBZophJy0CtDKEgJWK","secret":null,"website":null,"affiliation":null,"country":null,"bracket":null,"hidden":false,"banned":false,"captain_id":7,"created":"2022-03-25T16:13:50.018591"},{"id":4,"oauth_id":null,"name":"agpf","email":null,"password":"$bcrypt-sha256$2b,12$Ke2DQtaWOScH./NoPjoguO$hSc/TnT2hAVCUTyR9dWxVoURpur04je","secret":null,"website":null,"affiliation":null,"country":null,"bracket":null,"hidden":false,"banned":false,"captain_id":10,"created":"2022-03-25T16:14:59.156899"},{"id":5,"oauth_id":null,"name":"Team Four","email":null,"password":"$bcrypt-sha256$2b,12$qmoBwxuE/UJxusuEBgmLC.$Cqe4SG1AU9QY0y4..CkqjSJMBetun/.","secret":null,"website":null,"affiliation":null,"country":null,"bracket":null,"hidden":false,"banned":false,"captain_id":11,"created":"2022-03-25T16:15:55.243215"},{"id":6,"oauth_id":null,"name":"The FPGA Files","email":null,"password":"$bcrypt-sha256$2b,12$kuW9JFCqjUSAuJHsO9Hi.e$NZaqJBWHfGd7Bymxlp.9ALo0cz4cRDO","secret":null,"website":"","affiliation":"","country":"RU","bracket":null,"hidden":false,"banned":false,"captain_id":3,"created":"2022-03-25T16:19:10.934691"},{"id":7,"oauth_id":null,"name":"weAreGoingToLose","email":null,"password":"$bcrypt-sha256$2b,12$QKErQot0vqhqwUw7MPfCfe$DVzOiWztjj3aCiZyjFhGIsgpo4MmDhK","secret":null,"website":null,"affiliation":null,"country":null,"bracket":null,"hidden":false,"banned":false,"captain_id":13,"created":"2022-03-25T16:21:36.538213"},{"id":8,"oauth_id":null,"name":"sda","email":null,"password":"$bcrypt-sha256$2b,12$j/NxVaCMKPCKDosXEKl6te$qIlzpIhzx.nGdfdjd7GFLaN7C6sYGS2","secret":null,"website":"","affiliation":"","country":"","bracket":null,"hidden":false,"banned":false,"captain_id":15,"created":"2022-03-25T16:22:54.015143"},{"id":9,"oauth_id":null,"name":"embeDeadInside","email":null,"password":"$bcrypt-sha256$2b,12$OctEJf8/fFsBJUG/Nd2gS.$qkitVbgK5DYG1zP/jLzL1Y4xMGBOanC","secret":null,"website":null,"affiliation":null,"country":null,"bracket":null,"hidden":false,"banned":false,"captain_id":21,"created":"2022-03-25T16:40:01.810207"},{"id":10,"oauth_id":null,"name":"admin","email":null,"password":"$bcrypt-sha256$2b,12$5QQLjapoDKdGD2bVZgOK1.$mt48Xa3VTceXuJ26xYIxoK5hBssy9T2","secret":null,"website":null,"affiliation":null,"country":null,"bracket":null,"hidden":true,"banned":false,"captain_id":1,"created":"2022-03-25T19:24:45.699244"},{"id":11,"oauth_id":null,"name":"Verylog","email":null,"password":"$bcrypt-sha256$2b,12$mGUNBh3Tgvjro1ar6psUru$QO3KhHuYRCjf0uez.VYyOQ4MVlpIIvi","secret":null,"website":null,"affiliation":null,"country":null,"bracket":null,"hidden":false,"banned":false,"captain_id":27,"created":"2022-03-25T21:15:23.739622"}],"meta":{}}