{"count":28,"results":[{"id":1,"oauth_id":null,"name":"shrutiprakashgupta","password":"$bcrypt-sha256$2b,12$zzEBYiWGNvQMoZyo00tn9e$SdeSKf/OgMVXfwqtYLb5jd1PeFbDelC","email":"shrutiprakash999@gmail.com","type":"admin","secret":null,"website":null,"affiliation":null,"country":null,"bracket":null,"hidden":true,"banned":false,"verified":false,"team_id":10,"created":"2022-03-15T14:29:28.493247"},{"id":2,"oauth_id":null,"name":"aman18110014","password":"$bcrypt-sha256$2b,12$Y/WnlJvmuTHTl12ymrqYhO$jNLV989iIVrb8.Wm/oZrn28yjhNEtfy","email":"aman.18110014@iitgn.ac.in","type":"user","secret":null,"website":null,"affiliation":null,"country":null,"bracket":null,"hidden":false,"banned":false,"verified":false,"team_id":1,"created":"2022-03-25T16:05:51.044968"},{"id":3,"oauth_id":null,"name":"REAL47","password":"$bcrypt-sha256$2b,12$aQR3Q8RG1z.A0vgdXCQHk.$taqxEzx.C.tR6J7twi3gPiikfYsfexy","email":"shubham.sai@iitgn.ac.in","type":"user","secret":null,"website":null,"affiliation":null,"country":null,"bracket":null,"hidden":false,"banned":false,"verified":false,"team_id":6,"created":"2022-03-25T16:05:51.288589"},{"id":4,"oauth_id":null,"name":"veer52","password":"$bcrypt-sha256$2b,12$ewGELGTLKeKz8qmrq8GTxO$ZpCNAOSPfKBfYEkiF6Oy5ifNPFHiF9.","email":"pupuldalbehera@iitgn.ac.in","type":"user","secret":null,"website":null,"affiliation":null,"country":null,"bracket":null,"hidden":false,"banned":false,"verified":false,"team_id":2,"created":"2022-03-25T16:07:19.330259"},{"id":5,"oauth_id":null,"name":"sam","password":"$bcrypt-sha256$2b,12$flMlrUX1cMKjOODDbsjC0u$W1.awpbtx7qEBn3KyH5j1JqIMNkah9m","email":"sumit.kumar@iitgn.ac.in","type":"user","secret":null,"website":null,"affiliation":null,"country":null,"bracket":null,"hidden":false,"banned":false,"verified":false,"team_id":1,"created":"2022-03-25T16:08:52.685824"},{"id":6,"oauth_id":null,"name":"bhavesh.solanki","password":"$bcrypt-sha256$2b,12$e6VXIdubw7F3QW3IzR8UTu$1ywIl1jmxJ34vnPufFF18mr8GmDl/Au","email":"bhavesh.solanki@iitgn.ac.in","type":"user","secret":null,"website":null,"affiliation":null,"country":null,"bracket":null,"hidden":false,"banned":false,"verified":false,"team_id":1,"created":"2022-03-25T16:10:46.105320"},{"id":7,"oauth_id":null,"name":"aeiouik","password":"$bcrypt-sha256$2b,12$Zud9N/gaDIxWn.96B7v9P.$d8IOwJvRt5/w0ie0n/bw/nay29UjRQO","email":"sai.mrr@iitgn.ac.in","type":"user","secret":null,"website":null,"affiliation":null,"country":null,"bracket":null,"hidden":false,"banned":false,"verified":false,"team_id":3,"created":"2022-03-25T16:11:10.126629"},{"id":8,"oauth_id":null,"name":"Aryan0706","password":"$bcrypt-sha256$2b,12$yUxCheDisw6pFG6UW9AvJO$3zydaHDwvp4ct18Fb5DHltSOy.Z7gOK","email":"aryan.gupta@iitgn.ac.in","type":"user","secret":null,"website":null,"affiliation":null,"country":null,"bracket":null,"hidden":false,"banned":false,"verified":false,"team_id":4,"created":"2022-03-25T16:13:40.793188"},{"id":9,"oauth_id":null,"name":"trickster_united","password":"$bcrypt-sha256$2b,12$TNNJVBLGnWmNCXmIO9HPLO$rC.lgu/vK5aLuu.ptqlPNDlvEiDAIP2","email":"shashwat.rj@iitgn.ac.in","type":"user","secret":null,"website":null,"affiliation":null,"country":null,"bracket":null,"hidden":false,"banned":false,"verified":false,"team_id":3,"created":"2022-03-25T16:13:43.233528"},{"id":10,"oauth_id":null,"name":"ruchit","password":"$bcrypt-sha256$2b,12$72kk3ICKwwJvp/s4EEM/Ze$O95KNloYXByBQnT175WEki.cM7m1XM6","email":"ruchit.chudasama@iitgn.ac.in","type":"user","secret":null,"website":null,"affiliation":null,"country":null,"bracket":null,"hidden":false,"banned":false,"verified":false,"team_id":4,"created":"2022-03-25T16:13:44.967978"},{"id":11,"oauth_id":null,"name":"Pushpendra","password":"$bcrypt-sha256$2b,12$bibEQCvQBgwYVGoYmDstZ.$ekHfkTvr0tUnQZGUek7Qo7pMFrJhYEm","email":"pushpendra.pratap@iitgn.ac.in","type":"user","secret":null,"website":null,"affiliation":null,"country":null,"bracket":null,"hidden":false,"banned":false,"verified":false,"team_id":5,"created":"2022-03-25T16:15:10.946576"},{"id":12,"oauth_id":null,"name":"Sanchit","password":"$bcrypt-sha256$2b,12$W1JsIxVtFSZJGhJjxc18ge$58jgQEx1N0rk/HiSOoFTxJB9OACb9lu","email":"sanchit.m@iitgn.ac.in","type":"user","secret":null,"website":null,"affiliation":null,"country":null,"bracket":null,"hidden":false,"banned":false,"verified":false,"team_id":6,"created":"2022-03-25T16:21:04.057248"},{"id":13,"oauth_id":null,"name":"define","password":"$bcrypt-sha256$2b,12$klbnj4YhUa2zB0yKHcbYbO$YwD8P5GKEpWvapEr4FKI.LZbV0kscmy","email":"chris.francis@iitgn.ac.in","type":"user","secret":null,"website":null,"affiliation":null,"country":null,"bracket":null,"hidden":false,"banned":false,"verified":false,"team_id":7,"created":"2022-03-25T16:21:07.683293"},{"id":14,"oauth_id":null,"name":"shubham","password":"$bcrypt-sha256$2b,12$e3DwjOK4ZcGjo0UMv1H99.$uyAJYnWQV5Q1GA47OikIW7craFzz7i.","email":"kumar_shubham@iitgn.ac.in","type":"user","secret":null,"website":null,"affiliation":null,"country":null,"bracket":null,"hidden":false,"banned":false,"verified":false,"team_id":8,"created":"2022-03-25T16:21:47.612837"},{"id":15,"oauth_id":null,"name":"dheeraj","password":"$bcrypt-sha256$2b,12$wWsAnw0KuffEPefuN7gz6u$gftqrSrwTpmfFC7RBuqQEj6mlf5m7Pi","email":"kmr.dheeraj@iitgn.ac.in","type":"user","secret":null,"website":null,"affiliation":null,"country":null,"bracket":null,"hidden":false,"banned":false,"verified":false,"team_id":8,"created":"2022-03-25T16:22:06.267614"},{"id":16,"oauth_id":null,"name":"Vrajesh","password":"$bcrypt-sha256$2b,12$E.AkCvI1AgBH44wcEMS6..$vYLSbVkm7rHqs9svO7/RJX238xpaqsu","email":"patel.vrajesh@iitgn.ac.in","type":"user","secret":null,"website":null,"affiliation":null,"country":null,"bracket":null,"hidden":false,"banned":false,"verified":false,"team_id":5,"created":"2022-03-25T16:22:09.561302"},{"id":17,"oauth_id":null,"name":"Sreevidya","password":"$bcrypt-sha256$2b,12$57higm3AED4ixdln5P4JGu$KHk2jRQgD/h6TmVytI.pr6Qac8OWNgi","email":"sreevidya22222@gmail.com","type":"user","secret":null,"website":null,"affiliation":null,"country":null,"bracket":null,"hidden":false,"banned":false,"verified":false,"team_id":9,"created":"2022-03-25T16:23:35.867751"},{"id":18,"oauth_id":null,"name":"Sobian","password":"$bcrypt-sha256$2b,12$m.FU1tXCZu364LpTZYM2S.$cZlkSuBIwFizunj4qApJGGgnC0vh3PK","email":"shubhampandit2308@gmail.com","type":"user","secret":null,"website":null,"affiliation":null,"country":null,"bracket":null,"hidden":false,"banned":false,"verified":false,"team_id":2,"created":"2022-03-25T16:23:52.793082"},{"id":19,"oauth_id":null,"name":"Man I Love Fwogs","password":"$bcrypt-sha256$2b,12$SIAXJQvqTqo19GUbL4RkEe$2rmgFaF6MbOxSPj6iOAdYl1hznSsKfC","email":"joshi.ajitesh@iitgn.ac.in","type":"user","secret":null,"website":null,"affiliation":null,"country":null,"bracket":null,"hidden":false,"banned":false,"verified":false,"team_id":8,"created":"2022-03-25T16:25:35.538183"},{"id":20,"oauth_id":null,"name":"Pulkit","password":"$bcrypt-sha256$2b,12$SqLVV43bPXZ0lxuCnfAVke$TiWmoox2dfJYFrPcbNYHWfeiTNl8EQq","email":"jain.pulkit@iitgn.ac.in","type":"user","secret":null,"website":null,"affiliation":null,"country":null,"bracket":null,"hidden":false,"banned":false,"verified":false,"team_id":null,"created":"2022-03-25T16:26:41.366781"},{"id":21,"oauth_id":null,"name":"britishshorthairedchonk","password":"$bcrypt-sha256$2b,12$V6qn7dQ73sM/fdMXsAzB9O$8xfT9FO4voegnMHtawocUCRRiaPuVXy","email":"jagtap.sakshi@iitgn.ac.in","type":"user","secret":null,"website":null,"affiliation":null,"country":null,"bracket":null,"hidden":false,"banned":false,"verified":false,"team_id":9,"created":"2022-03-25T16:38:09.874730"},{"id":22,"oauth_id":null,"name":"pulkitjn","password":"$bcrypt-sha256$2b,12$rgHvuP4N2SPbSzUW52hdAe$ccIEdrU2YMRGDj05nwTEqtaQXAAifPq","email":"jainpulkitsh@gmail.com","type":"user","secret":null,"website":null,"affiliation":null,"country":null,"bracket":null,"hidden":false,"banned":false,"verified":false,"team_id":2,"created":"2022-03-25T16:50:59.632078"},{"id":23,"oauth_id":null,"name":"Danny","password":"$bcrypt-sha256$2b,12$xwYiMC4pfPoATj63Bu3axe$t47w48cSS9DQI9MIGgeEOBL4qjAZ81u","email":"daniel.giftson@iitgn.ac.in","type":"user","secret":null,"website":null,"affiliation":null,"country":null,"bracket":null,"hidden":false,"banned":false,"verified":false,"team_id":5,"created":"2022-03-25T17:05:29.473639"},{"id":24,"oauth_id":null,"name":"theseus","password":"$bcrypt-sha256$2b,12$k/YXpd3RO0sZG.n83r3wYO$QAivkXv3vkaI9qvY.Sp21RvLCFPpcye","email":"yash.kamble@iitgn.ac.in","type":"user","secret":null,"website":null,"affiliation":null,"country":null,"bracket":null,"hidden":false,"banned":false,"verified":false,"team_id":4,"created":"2022-03-25T17:48:12.976846"},{"id":25,"oauth_id":null,"name":"flyingMango","password":"$bcrypt-sha256$2b,12$N0oXTUtSVBhJTnslvvKk1u$RTllsEof9Xr5DCHwbl9TAcc9hRWn8I6","email":"praveen.venkatesh@iitgn.ac.in","type":"user","secret":null,"website":null,"affiliation":null,"country":null,"bracket":null,"hidden":false,"banned":false,"verified":false,"team_id":7,"created":"2022-03-25T19:21:32.738446"},{"id":26,"oauth_id":null,"name":"palak","password":"$bcrypt-sha256$2b,12$QoL7JHyRAYoKcvyWUubI/e$OdQqQYx/sm2YRW3qKpjzpGHfsouRmgy","email":"palak.purohit@iitgn.ac.in","type":"user","secret":null,"website":null,"affiliation":null,"country":null,"bracket":null,"hidden":false,"banned":false,"verified":false,"team_id":null,"created":"2022-03-25T20:11:21.522280"},{"id":27,"oauth_id":null,"name":"dhruvi_108","password":"$bcrypt-sha256$2b,12$qNu7/7qZxaatTgwGiHbB8u$fNsaFh7OlQ5t9pZIsSuZ2vv2jtbtkVy","email":"dhruvi.lodhavia@iitgn.ac.in","type":"user","secret":null,"website":null,"affiliation":null,"country":null,"bracket":null,"hidden":false,"banned":false,"verified":false,"team_id":11,"created":"2022-03-25T21:15:03.642756"},{"id":28,"oauth_id":null,"name":"Aditya","password":"$bcrypt-sha256$2b,12$RBRi/FPb22EWmAjapsuUq.$acfvXSysBbS3jK/ByoP8hQP8NtuNf.q","email":"s.aditya@iitgn.ac.in","type":"user","secret":null,"website":null,"affiliation":null,"country":null,"bracket":null,"hidden":false,"banned":false,"verified":false,"team_id":6,"created":"2022-03-26T19:03:01.689761"}],"meta":{}}